target_a	target_b	sequence_a	sequence_b	distance	risk_at_k1	risk_at_k2	example_ambiguous_query
Blank	Z005E0001	CTCC	TTCTC	2	yes	yes	
Blank	Z005E0011	CTCC	CTTCCA	2	yes	yes	
Blank	Z005E0025	CTCC	GTCT	2	yes	yes	
Blank	Z005E0078	CTCC	TCACC	2	yes	yes	
Blank	Z005E0087	CTCC	CTAGC	2	yes	yes	
Blank	Z005E0017	ACAAA	ACTA	2	yes	yes	
Blank	Z005E0046	ACAAA	ACTAT	2	yes	yes	
Blank	Z005E0095	ACAAA	CCACAA	2	yes	yes	
Z005E0001	Z005E0025	TTCTC	GTCT	2	yes	yes	
Z005E0003	Z005E0011	CGTCAA	CTTCCA	2	yes	yes	
Z005E0003	Z005E0095	CGTCAA	CCACAA	2	yes	yes	
Z005E0004	Z005E0028	AACGCCT	ATGCCT	2	yes	yes	
Z005E0009	Z005E0027	TGCA	CTGTA	2	yes	yes	
Z005E0009	Z005E0037	TGCA	AGCAT	2	yes	yes	
Z005E0009	Z005E0053	TGCA	TGGC	2	yes	yes	
Z005E0010	Z005E0028	AGCCC	ATGCCT	2	yes	yes	
Z005E0010	Z005E0037	AGCCC	AGCAT	2	yes	yes	
Z005E0011	Z005E0070	CTTCCA	CTTGA	2	yes	yes	
Z005E0012	Z005E0029	AATATGC	AAGGATGC	2	yes	yes	
Z005E0017	Z005E0046	ACTA	ACTAT	1	yes	yes	
Z005E0018	Z005E0025	GTATT	GTCT	2	yes	yes	
Z005E0018	Z005E0036	GTATT	GAAT	2	yes	yes	
Z005E0018	Z005E0096	GTATT	GTCGATT	2	yes	yes	
Z005E0019	Z005E0036	GAGATA	GAAT	2	yes	yes	
Z005E0019	Z005E0054	GAGATA	GAGAAT	2	yes	yes	
Z005E0025	Z005E0036	GTCT	GAAT	2	yes	yes	
Z005E0025	Z005E0045	GTCT	GCGT	2	yes	yes	
Z005E0025	Z005E0088	GTCT	GCTCTA	2	yes	yes	
Z005E0027	Z005E0070	CTGTA	CTTGA	2	yes	yes	
Z005E0027	Z005E0088	CTGTA	GCTCTA	2	yes	yes	
Z005E0028	Z005E0037	ATGCCT	AGCAT	2	yes	yes	
Z005E0029	Z005E0039	AAGGATGC	TAGCATGC	2	yes	yes	
Z005E0029	Z005E0048	AAGGATGC	TAGGAAGC	2	yes	yes	
Z005E0036	Z005E0037	GAAT	AGCAT	2	yes	yes	
Z005E0036	Z005E0045	GAAT	GCGT	2	yes	yes	
Z005E0036	Z005E0054	GAAT	GAGAAT	2	yes	yes	
Z005E0036	Z005E0061	GAAT	CGAT	2	yes	yes	
Z005E0037	Z005E0045	AGCAT	GCGT	2	yes	yes	
Z005E0037	Z005E0046	AGCAT	ACTAT	2	yes	yes	
Z005E0037	Z005E0054	AGCAT	GAGAAT	2	yes	yes	
Z005E0037	Z005E0061	AGCAT	CGAT	2	yes	yes	
Z005E0039	Z005E0048	TAGCATGC	TAGGAAGC	2	yes	yes	
Z005E0045	Z005E0061	GCGT	CGAT	2	yes	yes	
Z005E0046	Z005E0061	ACTAT	CGAT	2	yes	yes	
Z005E0048	Z005E0079	TAGGAAGC	TAGGAA	2	yes	yes	
Z005E0053	Z005E0087	TGGC	CTAGC	2	yes	yes	
Z005E0062	Z005E0087	CCAGCT	CTAGC	2	yes	yes	
Z005E0070	Z005E0087	CTTGA	CTAGC	2	yes	yes	
Z005E0072	Z005E0080	GAATTCA	GAACTTC	2	yes	yes	
